country,location,loc_code,lat,lon,cycle,phenotype_date,Year,Month,Day,NDVI
Nepal,Bhairahawa,BHR,27.5,83.45,2019,2019-01-28,2019,1,28,0.73
Nepal,Bhairahawa,BHR,27.5,83.45,2019,2019-02-03,2019,2,3,0.73
Nepal,Bhairahawa,BHR,27.5,83.45,2019,2019-02-11,2019,2,11,0.75
Nepal,Bhairahawa,BHR,27.5,83.45,2019,2019-03-01,2019,3,1,0.62
Nepal,Bhairahawa,BHR,27.5,83.45,2019,2019-03-06,2019,3,6,0.57
Nepal,Bhairahawa,BHR,27.5,83.45,2019,2019-03-11,2019,3,11,0.49
Nepal,Bhairahawa,BHR,27.5,83.45,2019,2019-03-18,2019,3,18,0.33
Pakistan,Faisalabad,FAS,31.398,73.054,2014,2014-02-08,2014,2,8,0.79
Pakistan,Faisalabad,FAS,31.398,73.054,2014,2014-03-15,2014,3,15,0.7
Pakistan,Faisalabad,FAS,31.398,73.054,2015,2015-01-20,2015,1,20,0.69
Pakistan,Faisalabad,FAS,31.398,73.054,2015,2015-02-10,2015,2,10,0.79
Pakistan,Faisalabad,FAS,31.398,73.054,2015,2015-03-16,2015,3,16,0.48
Pakistan,Faisalabad,FAS,31.398,73.054,2016,2016-01-17,2016,1,17,0.76
Pakistan,Faisalabad,FAS,31.398,73.054,2016,2016-02-15,2016,2,15,0.78
Pakistan,Faisalabad,FAS,31.398,73.054,2016,2016-03-28,2016,3,28,0.61
Pakistan,Faisalabad,FAS,31.398,73.054,2017,2017-01-19,2017,1,19,0.73
Pakistan,Faisalabad,FAS,31.398,73.054,2017,2017-02-02,2017,2,2,0.8
Pakistan,Faisalabad,FAS,31.398,73.054,2017,2017-03-20,2017,3,20,0.63
Pakistan,Faisalabad,FAS,31.398,73.054,2018,2018-02-27,2018,2,27,0.85
Pakistan,Faisalabad,FAS,31.398,73.054,2018,2018-03-13,2018,3,13,0.75
Pakistan,Faisalabad,FAS,31.398,73.054,2018,2018-04-05,2018,4,5,0.35
Bangladesh,Jamalpur,JAM,24.934,89.916,2016,2016-01-21,2016,1,21,0.73
Bangladesh,Jamalpur,JAM,24.934,89.916,2016,2016-01-25,2016,1,25,0.72
Bangladesh,Jamalpur,JAM,24.934,89.916,2016,2016-01-30,2016,1,30,0.75
Bangladesh,Jamalpur,JAM,24.934,89.916,2016,2016-02-07,2016,2,7,0.75
Bangladesh,Jamalpur,JAM,24.934,89.916,2016,2016-02-11,2016,2,11,0.73
Bangladesh,Jamalpur,JAM,24.934,89.916,2016,2016-02-23,2016,2,23,0.66
Bangladesh,Jamalpur,JAM,24.934,89.916,2016,2016-02-28,2016,2,28,0.59
Bangladesh,Jamalpur,JAM,24.934,89.916,2016,2016-03-03,2016,3,3,0.5
Bangladesh,Jamalpur,JAM,24.934,89.916,2016,2016-03-10,2016,3,10,0.29
Bangladesh,Jamalpur,JAM,24.934,89.916,2016,2016-03-15,2016,3,15,0.23
Bangladesh,Jamalpur,JAM,24.934,89.916,2017,2017-01-03,2017,1,3,0.78
Bangladesh,Jamalpur,JAM,24.934,89.916,2017,2017-01-08,2017,1,8,0.81
Bangladesh,Jamalpur,JAM,24.934,89.916,2017,2017-01-14,2017,1,14,0.82
Bangladesh,Jamalpur,JAM,24.934,89.916,2017,2017-01-20,2017,1,20,0.82
Bangladesh,Jamalpur,JAM,24.934,89.916,2017,2017-01-25,2017,1,25,0.8
Bangladesh,Jamalpur,JAM,24.934,89.916,2017,2017-01-31,2017,1,31,0.78
Bangladesh,Jamalpur,JAM,24.934,89.916,2017,2017-02-05,2017,2,5,0.76
Bangladesh,Jamalpur,JAM,24.934,89.916,2017,2017-02-10,2017,2,10,0.73
Bangladesh,Jamalpur,JAM,24.934,89.916,2017,2017-02-15,2017,2,15,0.7
Bangladesh,Jamalpur,JAM,24.934,89.916,2017,2017-02-20,2017,2,20,0.66
Bangladesh,Jamalpur,JAM,24.934,89.916,2017,2017-02-25,2017,2,25,0.61
Bangladesh,Jamalpur,JAM,24.934,89.916,2017,2017-03-02,2017,3,2,0.53
Bangladesh,Jamalpur,JAM,24.934,89.916,2017,2017-03-07,2017,3,7,0.39
Bangladesh,Jamalpur,JAM,24.934,89.916,2017,2017-03-13,2017,3,13,0.27
Bangladesh,Jamalpur,JAM,24.934,89.916,2018,2018-01-26,2018,1,26,0.7
Bangladesh,Jamalpur,JAM,24.934,89.916,2018,2018-01-31,2018,1,31,0.69
Bangladesh,Jamalpur,JAM,24.934,89.916,2018,2018-02-04,2018,2,4,0.7
Bangladesh,Jamalpur,JAM,24.934,89.916,2018,2018-02-10,2018,2,10,0.67
Bangladesh,Jamalpur,JAM,24.934,89.916,2018,2018-02-14,2018,2,14,0.66
Bangladesh,Jamalpur,JAM,24.934,89.916,2018,2018-02-19,2018,2,19,0.66
Bangladesh,Jamalpur,JAM,24.934,89.916,2018,2018-02-26,2018,2,26,0.66
Bangladesh,Jamalpur,JAM,24.934,89.916,2018,2018-03-01,2018,3,1,0.64
Bangladesh,Jamalpur,JAM,24.934,89.916,2018,2018-03-05,2018,3,5,0.58
Bangladesh,Jamalpur,JAM,24.934,89.916,2018,2018-03-10,2018,3,10,0.46
Bangladesh,Jamalpur,JAM,24.934,89.916,2018,2018-03-15,2018,3,15,0.36
Bangladesh,Jamalpur,JAM,24.934,89.916,2018,2018-03-20,2018,3,20,0.26
Bangladesh,Jamalpur,JAM,24.934,89.916,2019,2019-01-21,2019,1,21,0.68
Bangladesh,Jamalpur,JAM,24.934,89.916,2019,2019-01-27,2019,1,27,0.68
Bangladesh,Jamalpur,JAM,24.934,89.916,2019,2019-01-31,2019,1,31,0.68
Bangladesh,Jamalpur,JAM,24.934,89.916,2019,2019-02-05,2019,2,5,0.64
Bangladesh,Jamalpur,JAM,24.934,89.916,2019,2019-02-11,2019,2,11,0.66
Bangladesh,Jamalpur,JAM,24.934,89.916,2019,2019-02-18,2019,2,18,0.64
Bangladesh,Jamalpur,JAM,24.934,89.916,2019,2019-02-22,2019,2,22,0.65
Bangladesh,Jamalpur,JAM,24.934,89.916,2019,2019-02-28,2019,2,28,0.64
Bangladesh,Jamalpur,JAM,24.934,89.916,2019,2019-03-05,2019,3,5,0.59
Bangladesh,Jamalpur,JAM,24.934,89.916,2019,2019-03-11,2019,3,11,0.49
Bangladesh,Jamalpur,JAM,24.934,89.916,2019,2019-03-15,2019,3,15,0.37
Bangladesh,Jamalpur,JAM,24.934,89.916,2019,2019-03-20,2019,3,20,0.27
Bangladesh,Jamalpur,JAM,24.934,89.916,2019,2019-03-25,2019,3,25,0.17
Nepal,Kathmandu,KHU,27.654,85.325,2019,2019-01-31,2019,1,31,0.48
Nepal,Kathmandu,KHU,27.654,85.325,2019,2019-02-11,2019,2,11,0.63
Nepal,Kathmandu,KHU,27.654,85.325,2019,2019-02-22,2019,2,22,0.77
Nepal,Kathmandu,KHU,27.654,85.325,2019,2019-03-05,2019,3,5,0.83
Nepal,Kathmandu,KHU,27.654,85.325,2019,2019-03-19,2019,3,19,0.81
Nepal,Kathmandu,KHU,27.654,85.325,2019,2019-03-21,2019,3,21,0.83
Nepal,Kathmandu,KHU,27.654,85.325,2019,2019-03-27,2019,3,27,0.82
Nepal,Kathmandu,KHU,27.654,85.325,2019,2019-04-01,2019,4,1,0.78
Nepal,Kathmandu,KHU,27.654,85.325,2019,2019-04-07,2019,4,7,0.76
Nepal,Kathmandu,KHU,27.654,85.325,2019,2019-04-09,2019,4,9,0.72
Nepal,Kathmandu,KHU,27.654,85.325,2019,2019-04-19,2019,4,19,0.67
Nepal,Kathmandu,KHU,27.654,85.325,2019,2019-04-24,2019,4,24,0.59
Nepal,Kathmandu,KHU,27.654,85.325,2019,2019-04-29,2019,4,29,0.44
Nepal,Kathmandu,KHU,27.654,85.325,2019,2019-05-05,2019,5,5,0.25
India,Ludhiana,LDH-NS,30.991,75.736,2014,2014-01-09,2014,1,9,0.65
India,Ludhiana,LDH-NS,30.991,75.736,2014,2014-01-19,2014,1,19,0.7
India,Ludhiana,LDH-NS,30.991,75.736,2014,2014-02-10,2014,2,10,0.78
India,Ludhiana,LDH-NS,30.991,75.736,2014,2014-02-18,2014,2,18,0.78
India,Ludhiana,LDH-NS,30.991,75.736,2014,2014-02-28,2014,2,28,0.77
India,Ludhiana,LDH-NS,30.991,75.736,2014,2014-03-08,2014,3,8,0.7
India,Ludhiana,LDH-NS,30.991,75.736,2014,2014-03-20,2014,3,20,0.59
India,Ludhiana,LDH-NS,30.991,75.736,2014,2014-03-31,2014,3,31,0.41
India,Ludhiana,LDH-NS,30.991,75.736,2014,2014-04-07,2014,4,7,0.23
India,Ludhiana,LDH-NS,30.991,75.736,2015,2014-12-31,2014,12,31,0.57
India,Ludhiana,LDH-NS,30.991,75.736,2015,2015-01-07,2015,1,7,0.6
India,Ludhiana,LDH-NS,30.991,75.736,2015,2015-01-14,2015,1,14,0.69
India,Ludhiana,LDH-NS,30.991,75.736,2015,2015-01-29,2015,1,29,0.75
India,Ludhiana,LDH-NS,30.991,75.736,2015,2015-02-04,2015,2,4,0.79
India,Ludhiana,LDH-NS,30.991,75.736,2015,2015-02-05,2015,2,5,0.78
India,Ludhiana,LDH-NS,30.991,75.736,2015,2015-02-11,2015,2,11,0.77
India,Ludhiana,LDH-NS,30.991,75.736,2015,2015-02-26,2015,2,26,0.73
India,Ludhiana,LDH-NS,30.991,75.736,2015,2015-03-11,2015,3,11,0.67
India,Ludhiana,LDH-NS,30.991,75.736,2015,2015-03-19,2015,3,19,0.61
India,Ludhiana,LDH-NS,30.991,75.736,2015,2015-03-25,2015,3,25,0.53
India,Ludhiana,LDH-NS,30.991,75.736,2015,2015-03-31,2015,3,31,0.34
India,Ludhiana,LDH-NS,30.991,75.736,2016,2015-12-10,2015,12,10,0.62
India,Ludhiana,LDH-NS,30.991,75.736,2016,2015-12-18,2015,12,18,0.66
India,Ludhiana,LDH-NS,30.991,75.736,2016,2015-12-23,2015,12,23,0.67
India,Ludhiana,LDH-NS,30.991,75.736,2016,2015-12-30,2015,12,30,0.69
India,Ludhiana,LDH-NS,30.991,75.736,2016,2016-01-11,2016,1,11,0.78
India,Ludhiana,LDH-NS,30.991,75.736,2016,2016-01-19,2016,1,19,0.79
India,Ludhiana,LDH-NS,30.991,75.736,2016,2016-01-28,2016,1,28,0.82
India,Ludhiana,LDH-NS,30.991,75.736,2016,2016-02-02,2016,2,2,0.84
India,Ludhiana,LDH-NS,30.991,75.736,2016,2016-02-09,2016,2,9,0.86
India,Ludhiana,LDH-NS,30.991,75.736,2016,2016-02-16,2016,2,16,0.81
India,Ludhiana,LDH-NS,30.991,75.736,2016,2016-02-23,2016,2,23,0.82
India,Ludhiana,LDH-NS,30.991,75.736,2016,2016-03-09,2016,3,9,0.72
India,Ludhiana,LDH-NS,30.991,75.736,2016,2016-03-15,2016,3,15,0.66
India,Ludhiana,LDH-NS,30.991,75.736,2016,2016-03-22,2016,3,22,0.55
India,Ludhiana,LDH-NS,30.991,75.736,2016,2016-03-28,2016,3,28,0.38
India,Ludhiana,LDH-NS,30.991,75.736,2017,2016-12-19,2016,12,19,0.63
India,Ludhiana,LDH-NS,30.991,75.736,2017,2016-12-26,2016,12,26,0.63
India,Ludhiana,LDH-NS,30.991,75.736,2017,2017-01-03,2017,1,3,0.68
India,Ludhiana,LDH-NS,30.991,75.736,2017,2017-01-10,2017,1,10,0.73
India,Ludhiana,LDH-NS,30.991,75.736,2017,2017-01-17,2017,1,17,0.77
India,Ludhiana,LDH-NS,30.991,75.736,2017,2017-01-31,2017,1,31,0.83
India,Ludhiana,LDH-NS,30.991,75.736,2017,2017-02-07,2017,2,7,0.83
India,Ludhiana,LDH-NS,30.991,75.736,2017,2017-02-13,2017,2,13,0.84
India,Ludhiana,LDH-NS,30.991,75.736,2017,2017-02-20,2017,2,20,0.83
India,Ludhiana,LDH-NS,30.991,75.736,2017,2017-02-28,2017,2,28,0.83
India,Ludhiana,LDH-NS,30.991,75.736,2017,2017-03-14,2017,3,14,0.74
India,Ludhiana,LDH-NS,30.991,75.736,2017,2017-03-21,2017,3,21,0.67
India,Ludhiana,LDH-NS,30.991,75.736,2017,2017-03-28,2017,3,28,0.52
India,Ludhiana,LDH-NS,30.991,75.736,2017,2017-04-03,2017,4,3,0.31
India,Ludhiana,LDH-NS,30.991,75.736,2018,2018-01-11,2018,1,11,0.72
India,Ludhiana,LDH-NS,30.991,75.736,2018,2018-01-13,2018,1,13,0.72
India,Ludhiana,LDH-NS,30.991,75.736,2018,2018-02-02,2018,2,2,0.79
India,Ludhiana,LDH-NS,30.991,75.736,2018,2018-02-20,2018,2,20,0.8
India,Ludhiana,LDH-NS,30.991,75.736,2018,2018-03-07,2018,3,7,0.74
India,Ludhiana,LDH-NS,30.991,75.736,2018,2018-03-27,2018,3,27,0.5
India,Ludhiana,LDH-NS,30.991,75.736,2019,2019-02-02,2019,2,2,0.79
India,Ludhiana,LDH-NS,30.991,75.736,2019,2019-02-23,2019,2,23,0.81
India,Ludhiana,LDH-NS,30.991,75.736,2019,2019-03-06,2019,3,6,0.8
India,Ludhiana,LDH-NS,30.991,75.736,2019,2019-03-18,2019,3,18,0.69
India,Ludhiana,LDH-NS,30.991,75.736,2019,2019-03-30,2019,3,30,0.61
India,Ludhiana,LDH-NS,30.991,75.736,2019,2019-04-09,2019,4,9,0.37
India,Ludhiana,LDH-NS,30.991,75.736,2020,2019-12-18,2019,12,18,0.59
India,Ludhiana,LDH-NS,30.991,75.736,2020,2020-02-19,2020,2,19,0.85
India,Ludhiana,LDH-NS,30.991,75.736,2020,2020-02-28,2020,2,28,0.82
India,Ludhiana,LDH-NS,30.991,75.736,2020,2020-03-09,2020,3,9,0.79
India,Ludhiana,LDH-NS,30.991,75.736,2020,2020-03-28,2020,3,28,0.67
India,Ludhiana,LDH-NS,30.991,75.736,2020,2020-04-10,2020,4,10,0.25
India,Ludhiana,LDH-NS,30.991,75.736,2021,2021-03-05,2021,3,5,0.83
India,Ludhiana,LDH-NS,30.991,75.736,2021,2021-03-14,2021,3,14,0.73
India,Ludhiana,LDH-NS,30.991,75.736,2021,2021-03-18,2021,3,18,0.79
India,Ludhiana,LDH-NS,30.991,75.736,2021,2021-03-31,2021,3,31,0.68
India,Ludhiana,LDH-NS,30.991,75.736,2021,2021-04-22,2021,4,22,0.24
USA,Arizona,ARZ,33.06,-111.98,2011,2011-01-14,2011,1,14,0.2
USA,Arizona,ARZ,33.06,-111.98,2011,2011-01-18,2011,1,18,0.22
USA,Arizona,ARZ,33.06,-111.98,2011,2011-01-26,2011,1,26,0.32
USA,Arizona,ARZ,33.06,-111.98,2011,2011-02-01,2011,2,1,0.44
USA,Arizona,ARZ,33.06,-111.98,2011,2011-02-07,2011,2,7,0.49
USA,Arizona,ARZ,33.06,-111.98,2011,2011-02-14,2011,2,14,0.64
USA,Arizona,ARZ,33.06,-111.98,2011,2011-02-22,2011,2,22,0.85
USA,Arizona,ARZ,33.06,-111.98,2011,2011-02-24,2011,2,24,0.86
USA,Arizona,ARZ,33.06,-111.98,2011,2011-03-02,2011,3,2,0.88
USA,Arizona,ARZ,33.06,-111.98,2011,2011-03-08,2011,3,8,0.9
USA,Arizona,ARZ,33.06,-111.98,2011,2011-03-16,2011,3,16,0.93
USA,Arizona,ARZ,33.06,-111.98,2011,2011-03-22,2011,3,22,0.93
USA,Arizona,ARZ,33.06,-111.98,2011,2011-03-30,2011,3,30,0.94
USA,Arizona,ARZ,33.06,-111.98,2011,2011-04-07,2011,4,7,0.93
USA,Arizona,ARZ,33.06,-111.98,2011,2011-04-13,2011,4,13,0.93
USA,Arizona,ARZ,33.06,-111.98,2011,2011-04-19,2011,4,19,0.9
USA,Arizona,ARZ,33.06,-111.98,2011,2011-04-27,2011,4,27,0.84
USA,Arizona,ARZ,33.06,-111.98,2011,2011-05-06,2011,5,6,0.6
USA,Arizona,ARZ,33.06,-111.98,2011,2011-05-11,2011,5,11,0.48
USA,Arizona,ARZ,33.06,-111.98,2012,2012-01-10,2012,1,10,0.19
USA,Arizona,ARZ,33.06,-111.98,2012,2012-01-19,2012,1,19,0.34
USA,Arizona,ARZ,33.06,-111.98,2012,2012-01-25,2012,1,25,0.43
USA,Arizona,ARZ,33.06,-111.98,2012,2012-02-02,2012,2,2,0.66
USA,Arizona,ARZ,33.06,-111.98,2012,2012-02-10,2012,2,10,0.88
USA,Arizona,ARZ,33.06,-111.98,2012,2012-02-17,2012,2,17,0.9
USA,Arizona,ARZ,33.06,-111.98,2012,2012-02-23,2012,2,23,0.92
USA,Arizona,ARZ,33.06,-111.98,2012,2012-03-02,2012,3,2,0.92
USA,Arizona,ARZ,33.06,-111.98,2012,2012-03-12,2012,3,12,0.93
USA,Arizona,ARZ,33.06,-111.98,2012,2012-03-22,2012,3,22,0.92
USA,Arizona,ARZ,33.06,-111.98,2012,2012-03-30,2012,3,30,0.92
USA,Arizona,ARZ,33.06,-111.98,2012,2012-04-06,2012,4,6,0.92
USA,Arizona,ARZ,33.06,-111.98,2012,2012-04-13,2012,4,13,0.9
USA,Arizona,ARZ,33.06,-111.98,2012,2012-04-18,2012,4,18,0.89
USA,Arizona,ARZ,33.06,-111.98,2012,2012-04-27,2012,4,27,0.83
USA,Arizona,ARZ,33.06,-111.98,2012,2012-05-03,2012,5,3,0.66
USA,Arizona,ARZ,33.06,-111.98,2012,2012-05-11,2012,5,11,0.34
USA,Colorado,COL,40.449,-104.64,2010,2010-03-29,2010,3,29,0.2
USA,Colorado,COL,40.449,-104.64,2010,2010-04-16,2010,4,16,0.4
USA,Colorado,COL,40.449,-104.64,2010,2010-04-26,2010,4,26,0.61
USA,Colorado,COL,40.449,-104.64,2010,2010-05-03,2010,5,3,0.65
USA,Colorado,COL,40.449,-104.64,2010,2010-05-10,2010,5,10,0.82
USA,Colorado,COL,40.449,-104.64,2010,2010-05-17,2010,5,17,0.85
USA,Colorado,COL,40.449,-104.64,2010,2010-05-24,2010,5,24,0.83
USA,Colorado,COL,40.449,-104.64,2010,2010-06-16,2010,6,16,0.5
USA,Colorado,COL,40.449,-104.64,2010,2010-06-29,2010,6,29,0.16
USA,Colorado,COL,40.449,-104.64,2011,2011-03-11,2011,3,11,0.21
USA,Colorado,COL,40.449,-104.64,2011,2011-04-01,2011,4,1,0.29
USA,Colorado,COL,40.449,-104.64,2011,2011-04-08,2011,4,8,0.4
USA,Colorado,COL,40.449,-104.64,2011,2011-04-15,2011,4,15,0.49
USA,Colorado,COL,40.449,-104.64,2011,2011-04-22,2011,4,22,0.53
USA,Colorado,COL,40.449,-104.64,2011,2011-04-28,2011,4,28,0.6
USA,Colorado,COL,40.449,-104.64,2011,2011-05-05,2011,5,5,0.66
USA,Colorado,COL,40.449,-104.64,2011,2011-05-16,2011,5,16,0.79
USA,Colorado,COL,40.449,-104.64,2011,2011-05-23,2011,5,23,0.8
USA,Colorado,COL,40.449,-104.64,2011,2011-06-10,2011,6,10,0.79
USA,Colorado,COL,40.449,-104.64,2011,2011-06-27,2011,6,27,0.66
USA,Colorado,COL,40.449,-104.64,2011,2011-06-30,2011,6,30,0.16
China,Zhengzhou,ZHE,24.85,113.58,2016,2016-03-27,2016,3,27,0.79
China,Zhengzhou,ZHE,24.85,113.58,2016,2016-04-09,2016,4,9,0.94
China,Zhengzhou,ZHE,24.85,113.58,2016,2016-04-18,2016,4,18,0.94
China,Zhengzhou,ZHE,24.85,113.58,2016,2016-04-30,2016,4,30,0.92
China,Zhengzhou,ZHE,24.85,113.58,2016,2016-05-18,2016,5,18,0.88
China,Zhengzhou,ZHE,24.85,113.58,2016,2016-06-03,2016,6,3,0.16
China,Zhengzhou,ZHE,24.85,113.58,2017,2017-04-23,2017,4,23,0.9
China,Zhengzhou,ZHE,24.85,113.58,2017,2017-04-30,2017,4,30,0.92
China,Zhengzhou,ZHE,24.85,113.58,2017,2017-05-09,2017,5,9,0.9
China,Zhengzhou,ZHE,24.85,113.58,2017,2017-05-17,2017,5,17,0.87
China,Zhengzhou,ZHE,24.85,113.58,2017,2017-06-01,2017,6,1,0.16
India,Pusa,PUS-NS,25.958,85.67,2015,2014-12-20,2014,12,20,0.34
India,Pusa,PUS-NS,25.958,85.67,2015,2014-12-29,2014,12,29,0.61
India,Pusa,PUS-NS,25.958,85.67,2015,2015-01-09,2015,1,9,0.68
India,Pusa,PUS-NS,25.958,85.67,2015,2015-01-20,2015,1,20,0.76
India,Pusa,PUS-NS,25.958,85.67,2015,2015-02-11,2015,2,11,0.76
India,Pusa,PUS-NS,25.958,85.67,2015,2015-02-19,2015,2,19,0.76
India,Pusa,PUS-NS,25.958,85.67,2015,2015-02-25,2015,2,25,0.67
India,Pusa,PUS-NS,25.958,85.67,2015,2015-03-07,2015,3,7,0.53
India,Pusa,PUS-NS,25.958,85.67,2016,2015-12-11,2015,12,11,0.51
India,Pusa,PUS-NS,25.958,85.67,2016,2015-12-22,2015,12,22,0.67
India,Pusa,PUS-NS,25.958,85.67,2016,2015-12-30,2015,12,30,0.71
India,Pusa,PUS-NS,25.958,85.67,2016,2016-01-09,2016,1,9,0.74
India,Pusa,PUS-NS,25.958,85.67,2016,2016-01-16,2016,1,16,0.78
India,Pusa,PUS-NS,25.958,85.67,2016,2016-01-27,2016,1,27,0.79
India,Pusa,PUS-NS,25.958,85.67,2016,2016-02-03,2016,2,3,0.79
India,Pusa,PUS-NS,25.958,85.67,2016,2016-02-10,2016,2,10,0.73
India,Pusa,PUS-NS,25.958,85.67,2016,2016-02-17,2016,2,17,0.7
India,Pusa,PUS-NS,25.958,85.67,2016,2016-02-26,2016,2,26,0.62
India,Pusa,PUS-NS,25.958,85.67,2016,2016-03-03,2016,3,3,0.54
India,Pusa,PUS-NS,25.958,85.67,2016,2016-03-10,2016,3,10,0.36
India,Pusa,PUS-NS,25.958,85.67,2017,2016-12-27,2016,12,27,0.64
India,Pusa,PUS-NS,25.958,85.67,2017,2017-01-03,2017,1,3,0.71
India,Pusa,PUS-NS,25.958,85.67,2017,2017-01-10,2017,1,10,0.74
India,Pusa,PUS-NS,25.958,85.67,2017,2017-01-18,2017,1,18,0.76
India,Pusa,PUS-NS,25.958,85.67,2017,2017-01-25,2017,1,25,0.76
India,Pusa,PUS-NS,25.958,85.67,2017,2017-02-02,2017,2,2,0.76
India,Pusa,PUS-NS,25.958,85.67,2017,2017-02-10,2017,2,10,0.74
India,Pusa,PUS-NS,25.958,85.67,2017,2017-02-23,2017,2,23,0.65
India,Pusa,PUS-NS,25.958,85.67,2017,2017-03-04,2017,3,4,0.57
India,Pusa,PUS-NS,25.958,85.67,2017,2017-03-10,2017,3,10,0.51
India,Pusa,PUS-NS,25.958,85.67,2017,2017-03-15,2017,3,15,0.4
India,Pusa,PUS-NS,25.958,85.67,2018,2017-12-26,2017,12,26,0.7
India,Pusa,PUS-NS,25.958,85.67,2018,2017-12-30,2017,12,30,0.74
India,Pusa,PUS-NS,25.958,85.67,2018,2018-01-08,2018,1,8,0.78
India,Pusa,PUS-NS,25.958,85.67,2018,2018-01-13,2018,1,13,0.74
India,Pusa,PUS-NS,25.958,85.67,2018,2018-01-19,2018,1,19,0.77
India,Pusa,PUS-NS,25.958,85.67,2018,2018-01-27,2018,1,27,0.76
India,Pusa,PUS-NS,25.958,85.67,2018,2018-02-02,2018,2,2,0.76
India,Pusa,PUS-NS,25.958,85.67,2018,2018-02-09,2018,2,9,0.74
India,Pusa,PUS-NS,25.958,85.67,2018,2018-02-20,2018,2,20,0.68
India,Pusa,PUS-NS,25.958,85.67,2018,2018-02-23,2018,2,23,0.66
India,Pusa,PUS-NS,25.958,85.67,2018,2018-03-07,2018,3,7,0.54
India,Pusa,PUS-NS,25.958,85.67,2018,2018-03-16,2018,3,16,0.29
India,Pusa,PUS-NS,25.958,85.67,2019,2018-12-19,2018,12,19,0.72
India,Pusa,PUS-NS,25.958,85.67,2019,2018-12-28,2018,12,28,0.77
India,Pusa,PUS-NS,25.958,85.67,2019,2019-01-04,2019,1,4,0.79
India,Pusa,PUS-NS,25.958,85.67,2019,2019-01-16,2019,1,16,0.84
India,Pusa,PUS-NS,25.958,85.67,2019,2019-01-23,2019,1,23,0.84
India,Pusa,PUS-NS,25.958,85.67,2019,2019-02-04,2019,2,4,0.83
India,Pusa,PUS-NS,25.958,85.67,2019,2019-02-13,2019,2,13,0.79
India,Pusa,PUS-NS,25.958,85.67,2019,2019-02-21,2019,2,21,0.74
India,Pusa,PUS-NS,25.958,85.67,2019,2019-03-02,2019,3,2,0.7
India,Pusa,PUS-NS,25.958,85.67,2019,2019-03-14,2019,3,14,0.55
India,Pusa,PUS-NS,25.958,85.67,2020,2019-12-30,2019,12,30,0.73
India,Pusa,PUS-NS,25.958,85.67,2020,2020-01-16,2020,1,16,0.83
India,Pusa,PUS-NS,25.958,85.67,2020,2020-02-05,2020,2,5,0.83
India,Pusa,PUS-NS,25.958,85.67,2020,2020-02-20,2020,2,20,0.7
India,Pusa,PUS-NS,25.958,85.67,2020,2020-03-16,2020,3,16,0.44
India,Pusa,PUS-NS,25.958,85.67,2021,2020-12-24,2020,12,24,0.64
India,Pusa,PUS-NS,25.958,85.67,2021,2021-01-19,2021,1,19,0.71
India,Pusa,PUS-NS,25.958,85.67,2021,2021-01-27,2021,1,27,0.71
India,Pusa,PUS-NS,25.958,85.67,2021,2021-02-03,2021,2,3,0.73
India,Pusa,PUS-NS,25.958,85.67,2021,2021-02-26,2021,2,26,0.62
India,Pusa,PUS-NS,25.958,85.67,2021,2021-03-19,2021,3,19,0.26
China,Shunyi,SHU,40.225,116.57,2017,2017-04-12,2017,4,12,0.88
China,Shunyi,SHU,40.225,116.57,2017,2017-04-28,2017,4,28,0.8
China,Shunyi,SHU,40.225,116.57,2017,2017-05-05,2017,5,5,0.81
China,Shunyi,SHU,40.225,116.57,2017,2017-05-14,2017,5,14,0.75
China,Shunyi,SHU,40.225,116.57,2017,2017-05-21,2017,5,21,0.64
China,Shunyi,SHU,40.225,116.57,2017,2017-05-29,2017,5,29,0.57
Australia,Minnipa,MIN,-32.834,135.15,2016,2016-06-09,2016,6,9,0.2
Australia,Minnipa,MIN,-32.834,135.15,2016,2016-06-17,2016,6,17,0.23
Australia,Minnipa,MIN,-32.834,135.15,2016,2016-06-22,2016,6,22,0.31
Australia,Minnipa,MIN,-32.834,135.15,2016,2016-07-01,2016,7,1,0.37
Australia,Minnipa,MIN,-32.834,135.15,2016,2016-07-06,2016,7,6,0.45
Australia,Minnipa,MIN,-32.834,135.15,2016,2016-07-13,2016,7,13,0.58
Australia,Minnipa,MIN,-32.834,135.15,2016,2016-07-15,2016,7,15,0.55
Australia,Minnipa,MIN,-32.834,135.15,2016,2016-07-20,2016,7,20,0.54
Australia,Minnipa,MIN,-32.834,135.15,2016,2016-07-22,2016,7,22,0.53
Australia,Minnipa,MIN,-32.834,135.15,2016,2016-07-29,2016,7,29,0.68
Australia,Minnipa,MIN,-32.834,135.15,2016,2016-08-05,2016,8,5,0.71
Australia,Minnipa,MIN,-32.834,135.15,2016,2016-08-17,2016,8,17,0.74
Australia,Minnipa,MIN,-32.834,135.15,2016,2016-08-23,2016,8,23,0.75
Australia,Minnipa,MIN,-32.834,135.15,2016,2016-09-02,2016,9,2,0.73
Australia,Minnipa,MIN,-32.834,135.15,2016,2016-09-08,2016,9,8,0.69
Australia,Minnipa,MIN,-32.834,135.15,2016,2016-09-16,2016,9,16,0.61
Australia,Minnipa,MIN,-32.834,135.15,2016,2016-09-21,2016,9,21,0.62
Australia,Minnipa,MIN,-32.834,135.15,2016,2016-10-04,2016,10,4,0.51
Australia,Minnipa,MIN,-32.834,135.15,2016,2016-10-07,2016,10,7,0.47
Australia,Minnipa,MIN,-32.834,135.15,2016,2016-10-10,2016,10,10,0.31
Australia,Minnipa,MIN,-32.834,135.15,2016,2016-10-14,2016,10,14,0.26
Australia,Minnipa,MIN,-32.834,135.15,2016,2016-10-17,2016,10,17,0.25
Australia,Minnipa,MIN,-32.834,135.15,2016,2016-10-20,2016,10,20,0.24
Australia,Minnipa,MIN,-32.834,135.15,2016,2016-10-24,2016,10,24,0.17
Australia,Riverton,RIV,-34.15,138.73,2019,2019-08-02,2019,8,2,0.51
Australia,Riverton,RIV,-34.15,138.73,2019,2019-08-22,2019,8,22,0.74
Australia,Riverton,RIV,-34.15,138.73,2019,2019-08-29,2019,8,29,0.74
Australia,Riverton,RIV,-34.15,138.73,2019,2019-09-05,2019,9,5,0.76
Australia,Riverton,RIV,-34.15,138.73,2019,2019-09-13,2019,9,13,0.76
Australia,Riverton,RIV,-34.15,138.73,2019,2019-09-17,2019,9,17,0.64
Australia,Riverton,RIV,-34.15,138.73,2019,2019-10-04,2019,10,4,0.49
Australia,Riverton,RIV,-34.15,138.73,2019,2019-10-15,2019,10,15,0.37
Australia,Riverton,RIV,-34.15,138.73,2019,2019-10-22,2019,10,22,0.3
Australia,Riverton,RIV,-34.15,138.73,2019,2019-10-29,2019,10,29,0.19
Australia,Roseworthy,ROS,-34.533,138.75,2019,2019-07-29,2019,7,29,0.56
Australia,Roseworthy,ROS,-34.533,138.75,2019,2019-08-20,2019,8,20,0.78
Australia,Roseworthy,ROS,-34.533,138.75,2019,2019-08-26,2019,8,26,0.79
Australia,Roseworthy,ROS,-34.533,138.75,2019,2019-09-03,2019,9,3,0.79
Australia,Roseworthy,ROS,-34.533,138.75,2019,2019-09-10,2019,9,10,0.76
Australia,Roseworthy,ROS,-34.533,138.75,2019,2019-09-24,2019,9,24,0.68
Australia,Roseworthy,ROS,-34.533,138.75,2019,2019-10-01,2019,10,1,0.59
Australia,Roseworthy,ROS,-34.533,138.75,2019,2019-10-10,2019,10,7,0.38
Australia,Roseworthy,ROS,-34.533,138.75,2019,2019-10-15,2019,10,13,0.26
Australia,Roseworthy,ROS,-34.533,138.75,2019,2019-10-28,2019,10,25,0.11
Mexico,Obregon,MXH1,27.395,-109.93,2017,2017-03-24,2017,3,24,0.65
Mexico,Obregon,MXH1,27.395,-109.93,2017,2017-03-30,2017,3,30,0.69
Mexico,Obregon,MXH1,27.395,-109.93,2017,2017-04-07,2017,4,7,0.76
Mexico,Obregon,MXH1,27.395,-109.93,2017,2017-04-11,2017,4,11,0.78
Mexico,Obregon,MXH1,27.395,-109.93,2017,2017-04-21,2017,4,21,0.73
Mexico,Obregon,MXH1,27.395,-109.93,2017,2017-05-05,2017,5,5,0.71
Mexico,Obregon,MXH1,27.395,-109.93,2017,2017-05-12,2017,5,12,0.59
Mexico,Obregon,MXH1,27.395,-109.93,2017,2017-05-26,2017,5,26,0.31
Mexico,Obregon,MXH3,27.395,-109.93,2017,2017-03-24,2017,3,24,0.49
Mexico,Obregon,MXH3,27.395,-109.93,2017,2017-03-30,2017,3,30,0.61
Mexico,Obregon,MXH3,27.395,-109.93,2017,2017-04-07,2017,4,7,0.68
Mexico,Obregon,MXH3,27.395,-109.93,2017,2017-04-11,2017,4,11,0.67
Mexico,Obregon,MXH3,27.395,-109.93,2017,2017-04-21,2017,4,21,0.63
Mexico,Obregon,MXH3,27.395,-109.93,2017,2017-05-04,2017,5,4,0.63
Mexico,Obregon,MXH3,27.395,-109.93,2017,2017-05-12,2017,5,12,0.49
Mexico,Obregon,MXH3,27.395,-109.93,2017,2017-05-26,2017,5,26,0.24
Mexico,Obregon,MXYP2,27.395,-109.93,2019,2019-01-03,2019,1,3,0.76
Mexico,Obregon,MXYP2,27.395,-109.93,2019,2019-01-09,2019,1,9,0.85
Mexico,Obregon,MXYP2,27.395,-109.93,2019,2019-01-16,2019,1,16,0.82
Mexico,Obregon,MXYP2,27.395,-109.93,2019,2019-02-01,2019,2,1,0.86
Mexico,Obregon,MXYP2,27.395,-109.93,2019,2019-02-08,2019,2,8,0.84
Mexico,Obregon,MXYP2,27.395,-109.93,2019,2019-02-25,2019,2,25,0.79
Mexico,Obregon,MXYP2,27.395,-109.93,2019,2019-03-13,2019,3,13,0.71
Mexico,Obregon,MXYP2,27.395,-109.93,2019,2019-03-21,2019,3,21,0.61
Mexico,Obregon,MXYP2,27.395,-109.93,2019,2019-03-28,2019,3,28,0.44
Mexico,Obregon,MXYP2,27.395,-109.93,2019,2019-04-02,2019,4,2,0.29
Mexico,Obregon,MXYP4,27.395,-109.93,2019,2018-12-13,2018,12,13,0.28
Mexico,Obregon,MXYP4,27.395,-109.93,2019,2018-12-20,2019,12,20,0.4
Mexico,Obregon,MXYP4,27.395,-109.93,2019,2019-01-02,2019,1,2,0.66
Mexico,Obregon,MXYP4,27.395,-109.93,2019,2019-01-07,2019,1,7,0.75
Mexico,Obregon,MXYP4,27.395,-109.93,2019,2019-01-11,2019,1,11,0.76
Mexico,Obregon,MXYP4,27.395,-109.93,2019,2019-01-14,2019,1,14,0.86
Mexico,Obregon,MXYP4,27.395,-109.93,2019,2019-02-01,2019,2,1,0.83
Mexico,Obregon,MXYP4,27.395,-109.93,2019,2019-02-18,2019,2,18,0.84
Mexico,Obregon,MXYP4,27.395,-109.93,2019,2019-02-21,2019,2,21,0.8
Mexico,Obregon,MXYP4,27.395,-109.93,2019,2019-02-25,2019,2,25,0.82
Mexico,Obregon,MXYP4,27.395,-109.93,2019,2019-03-08,2019,3,8,0.75
Mexico,Obregon,MXYP4,27.395,-109.93,2019,2019-03-19,2019,3,19,0.65
Mexico,Obregon,MXYP4,27.395,-109.93,2019,2019-03-29,2019,3,29,0.58
Mexico,Obregon,MXYP4,27.395,-109.93,2019,2019-04-01,2019,4,1,0.44
Mexico,Obregon,MXYP4,27.395,-109.93,2019,2019-04-04,2019,4,4,0.38
Mexico,Obregon,MXYP4,27.395,-109.93,2019,2019-04-09,2019,4,9,0.23
Iran,Karaj,SPII,35.833,50.967,2017,2017-04-23,2017,4,23,0.83
Iran,Karaj,SPII,35.833,50.967,2017,2017-05-08,2017,5,8,0.8
Iran,Karaj,SPII,35.833,50.967,2017,2017-05-14,2017,5,14,0.67
Iran,Karaj,SPII,35.833,50.967,2017,2017-05-24,2017,5,24,0.6
Iran,Karaj,SPII,35.833,50.967,2017,2017-06-06,2017,6,6,0.29
India,Ludhiana,LDH-LS,30.991,75.736,2017,2017-01-28,2017,1,28,0.603
India,Ludhiana,LDH-LS,30.991,75.736,2017,2017-03-14,2017,3,14,0.758
India,Ludhiana,LDH-LS,30.991,75.736,2017,2017-03-21,2017,3,21,0.773
India,Ludhiana,LDH-LS,30.991,75.736,2017,2017-03-28,2017,3,28,0.758
India,Ludhiana,LDH-LS,30.991,75.736,2017,2017-04-07,2017,4,7,0.668
India,Ludhiana,LDH-LS,30.991,75.736,2017,2017-04-14,2017,4,14,0.534
India,Ludhiana,LDH-LS,30.991,75.736,2019,2019-03-18,2019,3,18,0.789
India,Ludhiana,LDH-LS,30.991,75.736,2019,2019-03-30,2019,3,30,0.741
India,Ludhiana,LDH-LS,30.991,75.736,2019,2019-04-04,2019,4,4,0.712
India,Ludhiana,LDH-LS,30.991,75.736,2019,2019-04-09,2019,4,9,0.625
India,Ludhiana,LDH-LS,30.991,75.736,2021,2021-03-05,2021,3,5,0.781
India,Ludhiana,LDH-LS,30.991,75.736,2021,2021-03-15,2021,3,15,0.737
India,Ludhiana,LDH-LS,30.991,75.736,2021,2021-03-18,2021,3,18,0.723
India,Ludhiana,LDH-LS,30.991,75.736,2021,2021-03-31,2021,3,31,0.659
India,Ludhiana,LDH-LS,30.991,75.736,2021,2021-04-22,2021,4,22,0.201
India,Pusa,PUS-LS,25.958,85.67,2017,2017-01-21,2017,1,21,0.456
India,Pusa,PUS-LS,25.958,85.67,2017,2017-02-09,2017,2,9,0.666
India,Pusa,PUS-LS,25.958,85.67,2017,2017-02-21,2017,2,21,0.708
India,Pusa,PUS-LS,25.958,85.67,2017,2017-03-07,2017,3,7,0.656
India,Pusa,PUS-LS,25.958,85.67,2017,2017-03-16,2017,3,16,0.602
India,Pusa,PUS-LS,25.958,85.67,2017,2017-03-30,2017,3,30,0.44
India,Pusa,PUS-LS,25.958,85.67,2018,2018-02-16,2018,2,16,0.245
India,Pusa,PUS-LS,25.958,85.67,2018,2018-02-24,2018,2,24,0.402
India,Pusa,PUS-LS,25.958,85.67,2018,2018-03-05,2018,3,5,0.532
India,Pusa,PUS-LS,25.958,85.67,2018,2018-03-14,2018,3,14,0.544
India,Pusa,PUS-LS,25.958,85.67,2018,2018-03-21,2018,3,21,0.559
India,Pusa,PUS-LS,25.958,85.67,2018,2018-03-29,2018,3,29,0.406
India,Pusa,PUS-LS,25.958,85.67,2019,2019-02-16,2019,2,16,0.648
India,Pusa,PUS-LS,25.958,85.67,2019,2019-03-13,2019,3,13,0.75
India,Pusa,PUS-LS,25.958,85.67,2019,2019-03-27,2019,3,27,0.652
India,Pusa,PUS-LS,25.958,85.67,2019,2019-04-03,2019,4,3,0.465
India,Pusa,PUS-LS,25.958,85.67,2019,2019-04-10,2019,4,10,0.269
India,Ludhiana,LDH-NS,30.991,75.736,2022,2021-12-24,2021,12,24,0.54
India,Ludhiana,LDH-NS,30.991,75.736,2022,2022-02-19,2022,2,19,0.816
India,Ludhiana,LDH-NS,30.991,75.736,2022,2022-03-02,2022,3,2,0.799
India,Ludhiana,LDH-NS,30.991,75.736,2022,2022-03-09,2022,3,9,0.781
India,Ludhiana,LDH-NS,30.991,75.736,2022,2022-03-28,2022,3,28,0.482
India,Ludhiana,LDH-NS,30.991,75.736,2022,2022-04-04,2022,4,4,0.229
India,Ludhiana,LDH-LS,30.991,75.736,2022,2022-02-07,2022,2,7,0.57
India,Ludhiana,LDH-LS,30.991,75.736,2022,2022-03-11,2022,3,11,0.802
India,Ludhiana,LDH-LS,30.991,75.736,2022,2022-03-19,2022,3,19,0.742
India,Ludhiana,LDH-LS,30.991,75.736,2022,2022-03-22,2022,3,22,0.743
India,Ludhiana,LDH-LS,30.991,75.736,2022,2022-04-04,2022,4,4,0.547
India,Ludhiana,LDH-LS,30.991,75.736,2022,2022-04-09,2022,4,9,0.223
Spain,Spain,SPN,41.7,-4.717,2018,2018-04-06,2018,4,6,0.504
Spain,Spain,SPN,41.7,-4.717,2018,2018-04-17,2018,4,17,0.6
Spain,Spain,SPN,41.7,-4.717,2018,2018-05-17,2018,5,17,0.651
Spain,Spain,SPN,41.7,-4.717,2018,2018-06-06,2018,6,6,0.72
Spain,Spain,SPN,41.7,-4.717,2018,2018-06-20,2018,6,20,0.635
Spain,Spain,SPN,41.7,-4.717,2018,2018-07-02,2018,7,2,0.322
